{
  "name": "ionic-service-core",
  "version": "0.1.7",
  "homepage": "http://ionic.io",
  "authors": [
    "Eric Bobbitt <eric@drifty.com",
    "Max Lynch <max@ionicframework.com>",
    "William Pelrine <rudy@drifty.com>"
  ],
  "description": "Core features for the Ionic Platform",
  "main": "ionic-core.js",
  "license": "Apache2",
  "ignore": [
    "**/.*",
    "node_modules",
    "bower_components",
    "test",
    "tests"
  ],
  "_release": "0.1.7",
  "_resolution": {
    "type": "version",
    "tag": "v0.1.7",
    "commit": "ae809e517a6f14cd8f4dfcec00c184143fe4b89d"
  },
  "_source": "git://github.com/driftyco/ionic-service-core.git",
  "_target": ">= 0.1.4",
  "_originalSource": "ionic-service-core"
}