{
    "Version": "2012-10-17",
    "Statement": [
	      {
	          "Action": [
								"dynamodb:GetItem",
	              "dynamodb:UpdateItem"
	           ],
	          "Effect": "Allow",
	          "Resource": "arn:aws:dynamodb:<REGION>:<AWS_ACCOUNT_ID>:table/<DYNAMODB_TABLE>"
	      },
        {
            "Effect": "Allow",
            "Action": [
                "ses:SendEmail",
                "ses:SendRawEmail"
            ],
            "Resource": "*"
        },
        {
            "Sid": "",
            "Resource": "*",
            "Action": [
                "logs:*"
            ],
            "Effect": "Allow"
        }
    ]
}
