{
    "Version": "2012-10-17",
    "Statement": [
        {
            "Action": [
                "dynamodb:GetItem"
            ],
            "Effect": "Allow",
            "Resource": "arn:aws:dynamodb:<REGION>:<AWS_ACCOUNT_ID>:table/<DYNAMODB_TABLE>"
        },
        {
            "Effect": "Allow",
            "Action": [
                "cognito-identity:GetOpenIdTokenForDeveloperIdentity"
            ],
            "Resource": "arn:aws:cognito-identity:<REGION>:<AWS_ACCOUNT_ID>:identitypool/<IDENTITY_POOL_ID>"
        },
        {
            "Sid": "",
            "Resource": "*",
            "Action": [
                "logs:*"
            ],
            "Effect": "Allow"
        }
    ]
}
