{
  "name": "angular-localization",
  "version": "1.2.1",
  "homepage": "https://github.com/doshprompt/angular-localization",
  "description": "angularjs localization done right",
  "main": "angular-localization.js",
  "keywords": [
    "angularjs",
    "localization",
    "i18n",
    "l10n",
    "internationalization",
    "angular",
    "ng"
  ],
  "authors": [
    "Rahul Doshi"
  ],
  "license": "MIT",
  "ignore": [
    "**/.*",
    "node_modules",
    "bower_components",
    "test",
    "tests"
  ],
  "dependencies": {
    "angular": ">=1.2 < 2",
    "angular-cookies": ">=1.2 < 2",
    "angular-sanitize": ">=1.2 < 2"
  },
  "_release": "1.2.1",
  "_resolution": {
    "type": "version",
    "tag": "v1.2.1",
    "commit": "855eae7f8ef488307664c2235737c0a42c323c29"
  },
  "_source": "git://github.com/doshprompt/bower-angular-localization.git",
  "_target": "~1.2.1",
  "_originalSource": "angular-localization",
  "_direct": true
}